Name,Street,PLZ,Ort,Email,www,Telefon,Fax
A. I. B. Legal Inkasso Dienstleistungen,Freibadstrae 30,81543,Mnchen,Baumgarten@aib-legal.de,www.aib-legal.de,+49 89 225393-74,+49 89 203346-97
Aalto Financial Services GmbH,Legienstr. 1,28188,Bremen,info@aalto-fs.de,www.aalto-fs.de,+49 421 4391-05,+49 421 4391-115
abilita GmbH,Prfeninger Str. 20,93049,Regensburg,info@abilita.de,www.abilita.de,+49 941 64664-0,+49 941 64664-199
Abschlepp Service Adena GmbH,Kiesheckerweg 144,40468,Dsseldorf,dispo@adena1.de,www.abschlepp-service-adena.de,+49 211 485400,+49 211 482453
accredis Inkasso GmbH & Co. KG,Robert-Bosch-Str. 2a,50354,Hrth,info@accredis-inkasso.de,www.accredis-inkasso.de,+49 2233 96683-0,+49 2233 96683-9
Accuravis Inkasso GmbH,Clarita-Bernhard-Str.27,81249,Mnchen,info@accuravis.de,www.accuravis.de,+49 89 747257 168,
ACONTO Inkasso,Kaiserstrae 23,72764,Reutlingen,ACONTO.INKASSO@t-online.de,www.Aconto-inkasso.de,+49 7121 240710,+49 7121 240714
ACTIO Inkasso und Forderungsmanagement,Fulgengrund 33,18211,Retschow,info@actio-inkasso.de,www.actio-inkasso.de,+49 38203 429135,+49 38203 429167
adebio Forderungsmanagement GmbH,An der Grenzpappel 41,28207,Bremen,info@adebio.de,www.adebio.de,+49 421 485 19 410,+49 421 485 19 419
Adler Inkasso GmbH,Petersberger Strae 32,36037,Fulda,info@adler-inkasso.com,www.adler-inkasso.com,+49 661 902380,+49 661 9023879
Adrian Collection Services Inh. Marina Adrian,Legionrsweg 5,63543,Neuberg,info@adrian-collection.de,www.adrian-collection.de,+49 6183 91947-10,+49 6183 91947-09
Advin Inkassoservice GmbH,Sulzbachstr. 21-23,66111,Saarbrcken,info@advin-inkasso.de,www.advin-inkasso.de,+49 681 387231-0,+49 681 387231-90
Agenda Inkassobro GmbH,Troppauerstr. 10,83395,Freilassing,office@agenda-gmbh.de,www.agenda-inkasso.de,+49 8654 6020-0,+49 8654 6020-50
Agens WFI Inkasso,Bierbrauerweg 40,63071,Offenbach,info@agens-wfi-inkasso.de,www.agens-wfi-inkasso.de,+49 69 82379489-0,+49 69 82379489-9
Agens WFI Inkasso e.K.,Gutenbergstrae 6,97297,Waldbttelbrunn,info@agens-wfi-inkasso.de,www.agens-wfi-inkasso.de,+49 931 40692-0,+49 931 40692-29
agilis INKASSO GmbH,Friedrichstrae 88,10117,Berlin,service@agilis-inkasso.de,www.agilis-inkasso.de,+49 30 999980-00,+49 30 999980-10
Ahrweiler Inkasso Markus Stumpf (Betriebswirt VWA),Landskroner Strae 125,53501,Grafschaft,stumpf@ahrweiler-inkasso.de,www.ahrweiler-inkasso.de,+49 2641 9181484,+49 2641 9181482
AK Aschmann Inkasso,Theodor-Krner-Str. 16,73230,Kirchheim,info@ak-aschmann.de,www.ak-aschmann.de,+49 7021 486150,+49 7021 486153
AKKURAT INKASSO GmbH,Laasener Str. 2,7545,Gera,info@akkurat-inkasso.de,www.akkurat-inkasso.de,+49 365 202060,+49 365 2020660
AKTIVA Ges. fr Kreditorenschutz und Factoring mbH,Walder Str. 9,42653,Solingen,info@aktiva-inkasso.eu,www.aktiva-inkasso.eu,+49 212 59790,+49 212 59728
AKTIVAINKASSO GbR,Industriestr. 36,55543,Bad Kreuznach,info@aktivainkasso.de,www.aktivainkasso.de,+49 671 79669-0,+49 671 79669-10
Akzepta Inkasso GmbH,Jahnstrae 31,83278,Traunstein,traunstein@akzepta.de,www.akzepta.com,+49 861 989390,+49 861 15830
Alektum GmbH,Augustenstr. 79,80333,Mnchen,info@alektumgroup.de,www.alektumgroup.de,+49 89 130100-4050,+49 89 130100-4051
Allgemeiner Debitoren- und Inkassodienst GmbH,Eduard-Pestel-Str. 7,49080,Osnabrck,info@adu-inkasso.de,www.adu-inkasso.de,+49 541 800180,+49 541 8001855
ALPHA Inkasso GmbH,Zeppelinstrae 15,74385,Pleidelsheim,info@alphainkasso.de,,+49 7144 8974358,+49 7144 8974516
Amberger Inkasso,Eglseer Strae 102,92224,Amberg,KarinDonhauser@web.de,,+49 9621 13050,+49 9621 24296
AMD Advanced Media Device GmbH,Bahnhofplatz 6,56068,Koblenz,info@amd-online.com,www.amd-online.com,+49 261 2918073,+49 261 3257475
Ammersee Forderungsmanagement Inh. Jenny Wanninger,Am Ziegelstadel 13 a,85570,Markt Schwaben,info@ammersee-management.de,www.ammersee-management.de,+49 8121 7922170,+49 8121 7922171
Amper-Inkasso e. K.,Sandbergstrae 8,85256,Vierkirchen,info@amper-inkasso.de,www.amper-inkasso.de,+49 8139 935445,+49 8139 92581
AP Inkasso GmbH,Kaiserstrae 24,55116,Mainz,,www.ap-inkasso.de,+49 6131 614314,+49 6131 614315
Apontas GmbH & Co. KG,Scheuten-Solar-Strae 1,45881,Gelsenkirchen,info@apontas.de,,+49 800 1003733,
Apontas Inkasso GmbH,Scheuten-Solar-Strae 1,45881,Gelsenkirchen,info@apontas.de,,+49 800 1003733,
ARE-Inkasso e.K.,Hauptstr. 98 a,30826,Garbsen,are-inkasso@email.de,www.are-inkasso.de,+49 5131 4676498,+49 5131 4676499
Argus Inkasso GmbH,Carl-Friedrich-Gau-Strae 16,47475,Kamp-Lintfort,info@argus-inkasso.de,www.argus-inkasso.de,+49 2842 9097220,+49 2842 962403
Arminia Ges fr Kreditschutz Thirolf und Schreier GmbH,Maxstrae 44,67059,Ludwigshafen,arminia-inkasso@t-online.de,,+49 621 513856,+49 621 513790
ARNI - Abrechnungsstelle Niedersachsen fr Heil- und Hilfsmittel GmbH,Landschaftstr. 7,30159,Hannover,info@arni-gmbh.de,www.arni-gmbh.de,+49 511 30794 0,+49 511 3681152
ASG Inkasso GbR,Seilerstr. 19,38440,Wolfsburg,asg-inkasso@wolfsburg.de,www.asg-inkasso.de,+49 5361 8916940,+49 5361 8916949
ASK ME Annegret Krol,Ifflandstr. 80,22087,Hamburg,,www.askme-inkasso-bs.de,+49 40 22694857,
Asset Research GmbH & Co. KG,Feldpreul 8b,61191,Rosbach,kontakt@assetresearch.de,www.assetresearch.de,+49 6003 9348451,+49 6003 9348452
Atradius Collections B.V. Niederlassung Deutschland,Opladener Str. 14,50679,Kln,inkasso-service@atradius.com,www.atradius.de,+49 221 2044-3666,+49 221 2044-3208
atriga GmbH,Pittlerstrae 47,63225,Langen,info@atriga.com,www.atriga.com,+49 6103 3746-0,+49 6103 3746-100
Auskunftei Inkasso-Treuhand Thom GmbH,Feldmannstrae 36,66119,Saarbrcken,info@thom-inkasso.de,www.thom-inkasso.de,+49 681 968675-0,+49 681 968675-99
Auskunftei und Inkassobro Klara Berthel,Mhlweg 12,97461,Hofheim,berthel.ink@t-online.de,,+49 9523 5240,+49 9523 5241
Axactor Germany GmbH,Im Breitspiel 13,69126,Heidelberg,info@axactor.de,www.axactor.de,+49 6221 987-60,+49 6221 987-999
Axel Keuchel Schwarz auf Weiss Forderungseinzug,Bennauerstr. 36,53115,Bonn,axkebo@t-online.de,www.saw-inkasso.de,+49 228 631454,+49 228 631480
Bad Homburger Inkasso GmbH,Konrad-Adenauer-Allee 1-11,61118,Bad Vilbel,info@bad-homburger-inkasso.com,www.bad-homburger-inkasso.com,+49 (0) 6101 98911-0,+49 (0) 6101 98911 -500
Bahr-Inkasso Inh. Paul Bahr,Kleine Gasse 1,77799,Ortenberg,PBahr@t-online.de,www.bahr-inkasso.de,+49 781 9483921,+49 781 9483922
Bavaria Inkasso GmbH,Stahlgruberring 7a,81829,Mnchen,bavaria@bavaria-inkasso.de,www.bavaria-inkasso.de,+49 89 420 79 789 - 0,+49 89 420 79 789 - 89
BFI Bremer Factoring und Inkasso-Kontor GmbH,Ltzener Str. 3,28207,Bremen,info@bfi-inkasso.de,www.bfi-inkasso.de,+49 421 432710,+49 421 4327134
BFM Bro fr Forderungsmanagement Inh. Ines Tix,Melanchthonstr. 40,2826,Grlitz,info@bfm-inkasso.de,www.bfm-inkasso.de,+49 3581 686535,+49 3581 686534
BFS health finance GmbH,Hlshof 24,44369,Dortmund,info@meinebfs.de,www.meinebfs.de,+49 231 9453620,+49 231 945362188
BI INKASSO GmbH,Detmolder Str. 30,33604,Bielefeld,info@bi-inkasso.de,www.bi-inkasso.de,+49 521 96796733,+49 521 96796730
BID Bayerischer Inkasso Dienst GmbH,Weichengereuth 26,96450,Coburg,bid-ag@bid-coburg.de,www.bid-coburg.de,+49 9561 8060-0,+49 9561 8060-805
BIG Berliner Inkasso Gesellschaft mbH,Flughafenstr. 52,22335,Hamburg,info@berliner-inkasso.de,www.berliner-inkasso.de,+49 40 1800317-10,+49 40 1800317-39
BRASI - Verbraucherberatungs AG,Dreiknigen Str. 89,47798,Krefeld,info@brasi-ag.de,www.brasi-ag.de,+49 2151 3699514,+49 2151 3699520
breco-Inkasso GmbH,Kaiserstrae 46,72764,Reutlingen,breco@breco-inkasso.de,www.breco-inkasso.de,+49 7121 31920,+49 7121 319292
BREMER INKASSO GmbH,Leerkmpe 12,28259,Bremen,info@bremer-inkasso.de,www.bremer-inkasso.de,+49 421 84106 0,+49 421 84106 21
Brgel Bielefeld Regel Inkassodienst GmbH & Co. KG,Fredeburger Strae 21,33699,Bielefeld,info@regel-inkasso.de,www.regel-inkasso.de,+49 521 924120,+49 521 9241215
Brgel Dresden Scharf GmbH,Dohnaer Strae 45,1219,Dresden,info@buergel-dresden.de,www.buergel-dresden.de,+49 351 27037-0,+49 351 27037-70
Brgel Essen IKA Inkasso GmbH,Am Domacker 109,47447,Moers,info@ika-inkasso.de,www.ika-inkasso.de,+ 201 82721-60,+ 201 82721-99
Brgel Gieen Wanke KG,Brunnengasse 2,35447,Reiskirchen,info@buergel-giessen.de,www.buergel-giessen.de,+49 6408 95230,+49 6408 952350
Brgel Hannover Regel Inkassodienst GmbH & Co. KG,Fredeburger Str. 21,33699,Bielefeld,info@regel-inkasso.de,www.regel-inkasso.de,+49 511 630190,+49 511 6301916
Brgel Inkasso Ringwald GmbH,Greschbachstrae 3,76229,Karlsruhe,inkasso@ringwald-inkasso.de,www.ringwald-inkasso.de,+49 721 9455230,+49 721 9455240
Brgel Kassel Inkassounternehmen Wojacek & Kilian KG,Hans-Sautter-Str. 20-22,34134,Kassel,wk-inkasso-kg@t-online.de,www.buergel.de,+49 561 94078-0,+49 561 4075-85
Brgel Kiel FNI Forderungsmanagement Neumann Inkasso OHG,Andreas-Gayk-Strae 7-11,24103,Kiel,info@buergel-kiel.de,www.buergel.de,+49 431 974250,+49 431 970224
Brgel Leipzig,Brgel Wirtschaftsinformationen GmbH & Co. KG Ndl.Leipzig,4103,Leipzig,customer_service@buergel.de,www.buergel-leipzig.de,+49 341 44903-0,+49 341 44903-50
Brgel Potsdam ABI allgemeines Brandenburg Inkasso GmbH,Seestr. 28,15236,Frankfurt/Oder,info@buergel-potsdam.de,www.inkassocheck.de,+49 33200 50124-0,+49 33200 50124-50
Brgel Suhl Dr. Linde & Co. Inkasso- und Wirtschaftsservice,Industriestrae 20,98544,Zella-Mehlis,info@buergel-suhl.de,www.buergel-suhl.de,+49 3682 88780,+49 3682 46188
Brgel Ulm Inkasso & Kreditschutz Ressmann KG,Bleichstrae 30,89077,Ulm,info@inkasso-ressmann.de,www.inkasso-ressmann.de,+49 731 1400440,+49 731 1400499
Brgel Wirtschaftsinformationen GmbH & Co. KG Ndl. Dsseldorf,Mrsenbroicherweg 200,40470,Dsseldorf,customer_service@buergel.de,www.buergel-duesseldorf.de,+49 211 1670460,+49 211 1670468
CL Inkasso GmbH,Zeppelinstrasse 3,88131,Lindau/Bodensee,info@cl-inkasso.de,www.cl-inkasso.de,+49 8382 27308-0,+49 8382 27308-50
CMS Collection GmbH,Isaac-Fulda-Allee 5,55124,Mainz,info@cms-collection.de,www.cms-collection.de,+49 6131 8928-101,+49 6131 8928-199
coeo Inkasso GmbH,Kieler Str. 16,41540,Dormagen,info@coeo-inkasso.de,www.coeo-inkasso.de,+49 2133 2463-0,+49 2133 246318
Coface Debitorenmanagement GmbH,Isaac-Fulda-Allee 1,55124,Mainz,info@coface.de,www.coface.de,+49 6131 6004-0,+49 6131 6004-199
collectAI [collect Artificial Intelligence GmbH],Am Sandtorkai 50,20457,Hamburg,info@collect.ai,www.collect.ai,+ 49 40 609 412 95 0,
Collectia GmbH,Brunnenwiesenstr. 4,94469,Deggendorf,info@collectia.de,www.collectia.de,+49 991 2962-900,+49 991 2962-910
Commerz Service-Center Intensive GmbH,Benrather Strae 19,40213,Dsseldorf,sci.geschaeftsleitung@service-center-inkasso.de,,+49 211 827-3333,+49 211 827-2285
confidentia GmbH Inkasso fr In- und Ausland,Argelanderstr. 116,53115,Bonn,info@confidentia-inkasso.de,www.confidentia-inkasso.de,+49 228 53968-0,+49 228 53968-23
Credit & Collections Service GmbH,Daniel-Goldbach-Str. 17-19,40880,Ratingen,kontakt@creditcs.de,www.creditcs.de,+49 2102 9979-300,+49 2102 7704-373
Creditreform Aachen Raab KG,Charlottenburger Allee 27-29,52068,Aachen,Info@Aachen.Creditreform.de,www.aachen.creditreform.de,+49 241 96245-0,+49 241 962220
Creditreform Arnsberg Steuber KG,Mhnestr. 9,59755,Arnsberg,Info@Arnsberg.Creditreform.de,www.arnsberg.creditreform.de,+49 2932 9750-0,+49 2932 9750-50
Creditreform Aschaffenburg Schurk KG,Magnolienweg 31,63741,Aschaffenburg,Info@Aschaffenburg.Creditreform.de,www.creditreform-aschaffenburg.de,+49 6021 3401-21,+49 6021 34001-20
Creditreform Augsburg Frhschulz & Wipperling KG,Beethovenstrae 4,86150,Augsburg,Info@Augsburg.Creditreform.de,www.creditreform.de,+49 821 329060,+49 821 3290639
Creditreform Bad Homburg/Limburg Fritscher & Schmitt KG,Horexstr. 3,61352,Bad Homburg,Info@Bad-Homburg.Creditreform.de,www.bad-homburg.creditreform.de,+49 6172 986028,+49 6172 986030
Creditreform Bad Homburg/Limburg Fritscher & Schmitt KG,Pariser Str. 2,65552,Limburg,Info@Limburg.Creditreform.de,www.creditreform-limburg.de,+49 6431 9607-20,+49 6431 960730
Creditreform Bad Kreuznach Langenfeld KG,Planiger Strae 34 a,55543,Bad Kreuznach,Info@Bad-Kreuznach.Creditreform.de,www.creditreform.de,+49 671 88789-10,+49 671 8878988
Creditreform Bamberg-Coburg-Gera Titze KG,Gagarinstrae 24,7545,Gera,Info@Gera.Creditreform.de,www.creditreform.de,+49 365 437130,+49 365 4371311
Creditreform Bayreuth Ganzmller Groher & Kollegen KG,Wittelsbacherring 42,95444,Bayreuth,Info@Bayreuth.Creditreform.de,www.creditreform.de,+49 921 75930-97,+49 921 7593040
Creditreform Berlin Brandenburg Wolfram KG,Karl-Heinrich-Ulrichs-Str. 1,10787,Berlin,inkasso@Berlin.Creditreform.de,www.creditreform-bb.de,+49 30 21294-0,+49 30 21294301
Creditreform Bielefeld Riegel & Unger KG,Sunderweg 3,33649,Bielefeld,Info@Bielefeld.Creditreform.de,www.creditreform-bielefeld.de,+49 521 932400,+49 521 93240222
Creditreform Bocholt Isert KG,Isselburger Strae 64,46395,Bocholt,Info@Bocholt.Creditreform.de,www.creditreform.de,+49 2871 275320,+49 2871 275372
Creditreform Bochum Bhme KG,Lise-Meitner-Allee 26,44801,Bochum,Info@Bochum.Creditreform.de,www.bochum.creditreform.de,+49 234 9333-170,+49 234 9333-290
Creditreform Bonn Rossen KG,Graurheindorfer Strae 92,53117,Bonn,Info@Bonn.Creditreform.de,www.bonn.creditreform.de,+49 228 26794-0,+49 228 26794-38
Creditreform Brandenburg/Havel Wolfram KG,Silostr. 8-10,14770,Brandenburg,Info@Brandenburg.Creditreform.de,www.creditreform.de,+49 3381 7686-30,+49 3381 768651
Creditreform Brandenburg/Havel Wolfram KG,Sophienstrae 26,15230,Frankfurt (Oder),Info@Frankfurt-Oder.Creditreform.de,www.cr-ffo.de,+49 335 68309-30,+49 335 6830951
Creditreform Braunschweig Harland KG,Saarbrckener Str. 253 a,38116,Braunschweig,info@braunschweig.creditreform.de,www.creditreform-braunschweig.de,+49 531 59090-0,+49 531 59090-29
Creditreform Bremen Dahlke KG,Contrescarpe 17,28203,Bremen,Info@Bremen.Creditreform.de,www.creditreform.de,+49 421 3290241,+49 421 3290258
Creditreform Bremerhaven Dr. Dahlke KG,Grashoffstr. 7,27570,Bremerhaven,Info@Bremerhaven.Creditreform.de,www.creditreform.de,+49 471 954930,+49 471 9549355
Creditreform Cottbus/Grlitz Philipp KG,Strae der Bodenreform 5,3055,Cottbus,Info@Cottbus.Creditreform.de,www.creditreform.de,+49 355 87701-0,+49 355 8627117
Creditreform Darmstadt Skoruppa KG,Am Kavalleriesand 47,64295,Darmstadt,Info@Darmstadt.Creditreform.de,www.creditreform.de,+49 6151 87500,+49 6151 875010
Creditreform Dortmund/Witten Scharf KG,Phoenixseestr. 4,44263,Dortmund,info@dortmund.creditreform.de,www.creditreform.de,+49 231 54945,+49 231 5494777
Creditreform Dresden Aumller KG,Augsburger Strae 4,1309,Dresden,info@dresden.creditreform.de,www.dresden.creditreform.de,+49 351 4444-400,+49 351 4444-58-400
Creditreform Duisburg Wolfram KG,Kuhlenwall 14,47051,Duisburg,info@duisburg.creditreform.de,www.creditreform-duisburg.de,+49 203 92887-10,+49 203 9288754
"Creditreform Dsseldorf/Neuss Roumen, Waterkamp & Coll. KG",Heesenstr. 65,40549,Dsseldorf,Info@Duesseldorf.Creditreform.de,www.duesseldorf.creditreform.de,+49 211 1671-0,+49 211 1671108
"Creditreform Dsseldorf/Neuss Roumen, Waterkamp & Coll. KG",Hellersbergstrae 14,41460,Neuss,Info@Neuss.Creditreform.de,www.creditreform.de,+49 2131 220333,+49 2131 220310
Creditreform Emmerich Wolters KG,s-Heerenberger Strae 172,46446,Emmerich am Rhein,Info@Emmerich.Creditreform.de,www.emmerich.creditreform.de,+49 2822 5006,+49 2822 6503
Creditreform Erfurt-Gotha Hain KG,Liebetraustrae 4,99867,Gotha,Info@Gotha.Creditreform.de,www.creditreform.de,+49 3621 7272-20,+49 3621 727273
Creditreform Essen Stenmans & Waterkamp KG,Hohenzollernstr. 40,45128,Essen,Info@Essen.Creditreform.de,www.creditreform.de,+49 201 87226-0,+49 201 8722629
Creditreform Flensburg Hanisch KG,Lise-Meitner-Str. 1,24941,Flensburg,Info@Flensburg.Creditreform.de,www.creditreform-flensburg.de,+49 461 50304-0,+49 461 5030441
Creditreform Frankfurt Emil Vogt KG,Brsenplatz 7-11,60313,Frankfurt am Main,Info@Frankfurt-Main.Creditreform.de,www.frankfurt-main.creditreform.de,+49 69 29991-0,+49 69 2923-33
Creditreform Freiburg Zimmermann KG,Jacob-Burckhardt-Strae 17,79098,Freiburg,Info@Freiburg.Creditreform.de,www.freiburg.creditreform.de,+49 761 2070030,+49 761 2070039
Creditreform Fulda Busold KG,Werner-von-Siemens-Str. 12-14,36041,Fulda,Info@Fulda.Creditreform.de,www.fulda.creditreform.de,+49 661 25028-0,+49 661 25028-155
Creditreform Geldern Raab KG,Westwall 65,47608,Geldern,Info@Geldern.Creditreform.de,www.creditreform.de,+49 2831 1043,+49 2831 5604
Creditreform Gelsenkirchen Sprenger & Hain KG,Kampstrae 26,45899,Gelsenkirchen,Info@Gelsenkirchen.Creditreform.de,www.creditreform-gelsenkirchen.de,+49 209 95894-0,+49 209 9589470
Creditreform Gieen Hain KG,Ludwig-Richter-Strae 11,35396,Gieen,inkasso@giessen.creditreform.de,www.creditreform-giessen.de,+49 641 952620,+49 641 9526262
Creditreform Gppingen Engelhardt KG,Schillerstrae 21,73054,Eislingen,Info@Goeppingen.Creditreform.de,www.creditreform.de,+49 7161 1568140,+49 7161 23942
Creditreform Grlitz Philipp KG,Wiesenweg 5,2827,Grlitz,Info@Goerlitz.Creditreform.de,www.creditreform.de,+49 3581 7041-0,+49 3581 407428
Creditreform Goslar Styra KG,Claustorwall 1,38640,Goslar,Info@Goslar.Creditreform.de,www.creditreform-goslar.de,+49 5321 3428-0,+49 5321 342822
Creditreform Gttingen Bruns KG,Willi-Eichler-Str.11,37079,Gttingen,geschaeftsfuehrer@goettingen.creditreform.de,www.goettingen.creditreform.de,+49 551 49902-0,+49 551 4990250
Creditreform Gummersbach v. Padberg KG,Kaiserstr. 30,51643,Gummersbach,Info@Gummersbach.Creditreform.de,www.creditreform.de,+49 2261 2905-0,+49 2261 290555
Creditreform Gtersloh Schott KG,Moltkestr. 3-7,33330,Gtersloh,inkasso@guetersloh.creditreform.de,www.creditreform-guetersloh.de,+49 5241 2207-100,+49 5241 2207-111
Creditreform Hagen Berkey & Riegel KG,Riemerschmidstr. 1-3,58093,Hagen,Info@Hagen.Creditreform.de,www.hagen.creditreform.de,+49 2331 7828-0,+49 2331 7828-90
Creditreform Halle/Dessau Balles Noack GmbH & Co. KG,Erdmannsdorffstrae 8,6844,Dessau-Rolau,Info@Dessau.Creditreform.de,www.dessau.creditreform.de,+49 340 266170,+49 340 2661739
Creditreform Halle/Dessau Balles Noack GmbH & Co. KG,Ludwig-Wucherer-Str. 79,6108,Halle/Saale,Info@Halle.Creditreform.de,www.halle.creditreform.de,+49 345 232500,+49 345 2325019
Creditreform Hamburg von der Decken & Wall KG,Wandalenweg 8-10,20097,Hamburg,Info@Hamburg.Creditreform.de,www.creditreform.de,+49 40 23604-0,+49 40 23604299
Creditreform Hameln Bolte KG,Ostertorwall 38,31785,Hameln,Info@Hameln.Creditreform.de,www.creditreform-hameln.de,+49 5151 557900,+49 5151 14449
Creditreform Hamm Samoray KG,Kranstrae 15,59071,Hamm-Uentrop,Info@Hamm.Creditreform.de,www.creditreform.de,+49 2388 319300,+49 2388 3193020
Creditreform Hanau Lukas KG,Rckinger Str. 12,63526,Erlensee,Info@Hanau.Creditreform.de,www.creditreform.de,+49 6183 52042-00,+49 6183 52042-20
Creditreform Hannover-Celle Bissel KG,Hans-Bckler-Allee 26,30173,Hannover,info@hannover.creditreform.de,www.hannover.creditreform.de,+49 511 5408-0,+49 511 5408-215
Creditreform Heidelberg Dangmann & Polyak KG,Kurfrstenanlage 34,69115,Heidelberg,Inkasso@heidelberg.creditreform.de,www.creditreform.de,+49 6221 73890,+49 6221 738915
Creditreform Heilbronn Zimmermann KG,Ferdinand-Braun-Strae 3,74074,Heilbronn,Info@Heilbronn.Creditreform.de,www.creditreform-heilbronn.de,+49 7131 9421-20,+49 7131 9421-21
Creditreform Herford & Minden Dorff GmbH & Co. KG,Krellstr. 68,32584,Lhne,Info@herford.Creditreform.de,www.creditreform-herford.de,+49 5732 9025-0,+49 5732 9025-190
Creditreform Hildesheim Kruse KG,Sedanstrae 13,31134,Hildesheim,Info@Hildesheim.Creditreform.de,www.creditreform.de,+49 5121 15030,+49 5121 150311
Creditreform Hof Lippoldt & Ritter KG,Thomasstrae 32,95028,Hof,inkasso@hof.creditreform.de,www.creditreform.de,+49 9281 725344,+49 9281 725372
Creditreform Ingolstadt Philipp KG,Nrnberger Str. 34,85055,Ingolstadt,Info@Ingolstadt.Creditreform.de,www.creditreform.de,+49 841 96817-0,+49 841 69321
Creditreform Iserlohn Wick KG,Unnaer Strae 24,58636,Iserlohn,Info@Iserlohn.Creditreform.de,,+49 2371 4347 51,+49 2371 43473 50
Creditreform Kaiserslautern Langenfeld KG,Luxemburger Strae 7,67657,Kaiserslautern,info@kaiserslautern.creditreform.de,www.creditreform.de,+49 631 36623-0,+49 631 36623-10
Creditreform Karlsruhe Bliss & Hagemann GmbH & Co. KG,Kriegsstr. 236-240,76135,Karlsruhe,Info@Karlsruhe.Creditreform.de,www.creditreform.de,+49 721 95553-0,+49 721 95553-95
Creditreform Kassel Dr. Schlegel KG,Hedwigstrae 16,34117,Kassel,Info@Kassel.Creditreform.de,www.creditreform-kassel.de,+49 561 7845630,+49 561 7845678
Creditreform Kempten/Allgu Winterstein KG,Frstenstrae 1,87439,Kempten,Info@Kempten.Creditreform.de,www.kempten.creditreform.de,+49 831 5219416,+49 831 5219433
Creditreform Kiel Isert KG,Sophienblatt 100,24114,Kiel,Info@Kiel.Creditreform.de,www.creditreform.de,+49 431 9798060,+49 431 9798024
Creditreform Koblenz Dr. Rdl & Brodmerkel KG,Rizzastrae 49,56068,Koblenz,Info@Koblenz.Creditreform.de,www.koblenz.creditreform.de,+49 261 9118150,+49 261 9118110
Creditreform Kln von Padberg KG,Gustav-Heinemann-Ufer 68,50968,Kln,Info@Koeln.Creditreform.de,www.creditreform.de,+49 221 376608,+49 221 3766061
Creditreform Konstanz Mller & Schott GmbH & Co KG,Geschftsstelle Villingen,78048,Villingen-Schwenningen,Info@Villingen.Creditreform.de,www.creditreform.de,+49 7721 94819,+49 7721 948151
Creditreform Konstanz Mller & Schott GmbH & Co. KG,Mainaustrae 48,78464,Konstanz,Info@Konstanz.Creditreform.de,www.creditreform-konstanz.de,+49 7531 895030,+49 7531 895026
Creditreform Krefeld Lienau KG,Haus Leyental - Leyentalstrae 1,47799,Krefeld,Info@Krefeld.Creditreform.de,www.creditreform.de,+49 2151 648222,+49 2151 648227
Creditreform Leer Bolte KG,Hauptstrae 16,26789,Leer,Info@Leer.Creditreform.de,www.creditreform.de,+49 491 9798240,+49 491 9798250
Creditreform Leipzig Niedenzu KG,Hahnekamm 1,4103,Leipzig,Info@Leipzig.Creditreform.de,www.creditreform-leipzig.de,+49 341 9944-180,+49 341 9944145
Creditreform Lbeck von der Decken KG,Zeistrae 6,23560,Lbeck,Info@Luebeck.Creditreform.de,www.luebeck.creditreform.de,+49 451 58055-40,+49 451 5805544
Creditreform Ludwigshafen Kndler & Skoruppa KG,Neuhfer Strae 6-8,67065,Ludwigshafen,info@Ludwigshafen.Creditreform.de,www.ludwigshafen.creditreform.de,+49 621 538070,+49 621 5380718
Creditreform Magdeburg Harland KG,Groe Diesdorfer Strae 52,39110,Magdeburg,Info@Magdeburg.Creditreform.de,www.creditreform.de,+49 391 73977-0,+49 391 7397749
Creditreform Mainz Albert & Naujoks KG,Bonifaziusplatz 1 A,55118,Mainz,Info@Mainz.Creditreform.de,www.creditreform.de,+49 6131 96044-0,+49 6131 9604438
Creditreform Mannheim Dangmann KG,Augustaanlage 18,68165,Mannheim,Info@Mannheim.Creditreform.de,www.creditreform.de,+49 621 1800130,+49 621 1800133
Creditreform Mecklenburg-Vorpommern von der Decken KG,Schelfstrae 35,19055,Schwerin,Info@Schwerin.Creditreform.de,www.creditreform.de,+49 385 731360,+49 385 7313617
Creditreform Mecklenburg-Vorpommern von der Decken KG,Gebrder-Boll-Strae 1 A,17033,Neubrandenburg,Info@Neubrandenburg.Creditreform.de,www.creditreform.de,+49 395 5587400,+49 395 5587444
Creditreform Mecklenburg-Vorpommern von der Decken KG,Ernst-Barlach-Strae 12,18055,Rostock,info@mv.creditreform.de,www.creditreform-mv.de,+49 381 492080,+49 381 4920817
Creditreform Mnchengladbach Dorenbeck KG,Krefelder Strae 691,41066,Mnchengladbach,Info@Moenchengladbach.Creditreform.de,www.creditreform-moenchengladbach.de,+49 2161 680120,+49 2161 680130
Creditreform Mlheim Wolfram KG,Kuhlenwall 14,47051,Duisburg,Info@Muelheim.Creditreform.de,www.creditreform.de,+49 203 92887-0,+49 203 92887-50
"Creditreform Mnchen Ganzmller,Groher & Kollegen KG",Machtlfingerstr. 13,81379,Mnchen,inkasso@muenchen.creditreform.de,www.muenchen.creditreform.de,+49 89 189293-0,+49 89 189293-905
Creditreform Mnster Riegel & Riegel KG,Scharnhorststrae 46,48151,Mnster,info@muenster.creditreform.de,www.creditreform-muenster.de,+49 251 53530,+49 251 5353288
Creditreform Neumnster Hanisch KG,Groflecken 36-38,24534,Neumnster,vertrieb@neumuenster.creditreform.de,www.creditreform-neumuenster.de,+49 4321 9473-0,+49 4321 947319
Creditreform Neustadt Kndler KG,Hetzelgalerie 4,67433,Neustadt Weinstrae,Info@Neustadt.Creditreform.de,www.creditreform.de,+49 6321 95680,+49 6321 956818
Creditreform Nrnberg Aumller KG,Theodorstrae 11,90489,Nrnberg,Info@Nuernberg.Creditreform.de,www.nuernberg.creditreform.de,+49 911 5395500,+49 911 5395475
Creditreform Offenbach Gabold & Bleul KG,Goethering 58,63067,Offenbach,Info@Offenbach.Creditreform.de,www.creditreform.de,+49 69 98553-0,+49 69 98553130
Creditreform Offenburg Zimmermann KG,Lange Strae 18,77652,Offenburg,Info@Offenburg.Creditreform.de,www.offenburg.creditreform.de,+49 781 790722,+49 781 790733
Creditreform Oldenburg Bolte KG,Neue Donnerschweer Str. 36,26123,Oldenburg,Info@Oldenburg.Creditreform.de,www.creditreform.de,+49 441 9739930,+49 441 9739940
Creditreform Osnabrck/Nordhorn Unger KG,Parkstrae 32,49080,Osnabrck,Info@Osnabrueck.Creditreform.de,www.creditreform.de,+49 541 6925560,+49 541 6925566
Creditreform Paderborn Friederichs & Davis KG,Am Hoppenhof 30,33106,Paderborn,Inkasso@Paderborn.Creditreform.de,www.creditreform-paderborn.de,+49 5251 137060,+49 5251 1370633
Creditreform Pforzheim Mller & Schott KG,Maximilianstr. 46,75172,Pforzheim,Inkasso@Pforzheim.Creditreform.de,www.creditreform.de,+49 7231 9169-0,+49 7231 916938
Creditreform Pinneberg Wall & von der Decken KG,Waldstrae 5,25421,Pinneberg,Info@Pinneberg.Creditreform.de,www.creditreform.de,+49 4101 5414-15,+49 4101 541431
Creditreform Pirmasens Wiechers GmbH & Co. KG,Strobelallee 74,66953,Pirmasens,Info@Pirmasens.Creditreform.de,www.creditreform.de,+49 6331 725 07-0,+49 6331 725 07-29
Creditreform Regensburg Aumller KG,Villastrae 4,93055,Regensburg,Info@Regensburg.Creditreform.de,www.regensburg.creditreform.de,+49 941 7960234,+49 941 7960239
Creditreform Reutlingen Degner KG,Auwiesenstrae 30,72770,Reutlingen,Info@Reutlingen.Creditreform.de,www.creditreform.de,+49 7121 95090,+49 7121 950930
Creditreform Rosenheim Karl + Kollegen KG,Oberaustrae 16,83026,Rosenheim,Info@Rosenheim.Creditreform.de,www.creditreform.de,+49 8031 246110,+49 8031 246114
Creditreform Saarbrcken Dr. Uthoff KG,Karcherstrae 10,66111,Saarbrcken,Info@Saarbruecken.Creditreform.de,www.saarbruecken.creditreform.de,+49 681 3012-0,+49 681 3012-60
Creditreform Siegen Ernst Hain KG,Markt 39-41,57072,Siegen,Info@Siegen.Creditreform.de,www.creditreform.de,+49 271 3387300,+49 271 3387399
Creditreform Solingen Kirschner GmbH & Co. KG,Kuller Strae 58,42651,Solingen,Info@Solingen.Creditreform.de,www.solingen.creditreform.de,+49 212 2503250,+49 212 2503280
Creditreform Speyer Skoruppa KG,Karmeliterstrae 2,67346,Speyer,Info@Speyer.Creditreform.de,www.speyer.creditreform.de,+49 6232 60150,+49 6232 601510
Creditreform Stendal Dr. Kunert KG,Breite Str. 30,39576,Stendal,Info@Stendal.Creditreform.de,www.creditreform.de,+49 3931 669630,+49 3931 669650
Creditreform Stuttgart Strahler KG,Theodor-Heuss-Str. 2,70174,Stuttgart,Info@Stuttgart.Creditreform.de,www.creditreform.de,+49 711 66410,+49 711 6641200
Creditreform Suhl Jacob GmbH & Co. KG,Pfarrstrae 10,98527,Suhl,info@suhl.creditreform.de,www.creditreform.de,+49 3681 79920,+49 3681 799210
Creditreform Trier Eberhard KG,Ostallee 3-5,54290,Trier,info@trier.creditreform.de,www.creditreform-trier.de,+49 651 14715 0,+49 651 14715 10
Creditreform Uelzen Styra KG,Lneburger Strae 10,29525,Uelzen,info@uelzen.creditreform.de,www.creditreform.de,+49 581 97885-13,+49 581 75556
"Creditreform Ulm/Neu-Ulm Mller, Schott GmbH & Co. KG",Liststr. 1,89079,Ulm,Info@Ulm.Creditreform.de,www.creditreform.de,+49 731 9626315,+49 731 9626313
Creditreform Weimar Anton Minzenmay KG,Johann-Sebastian-Bach-Str. 1 a,99423,Weimar,Info@Weimar.Creditreform.de,www.creditreform.de,+49 3643 8877-10,+49 3643 887799
Creditreform Wesel Wemmer KG,Werner von Siemensstr.7,46485,Wesel,Info@Wesel.Creditreform.de,www.creditreform.de,+49 281 3382813,+49 281 3382828
Creditreform Wiesbaden Hoffmann Nikbakht KG,Adolfsallee 34,65185,Wiesbaden,Info@Wiesbaden.Creditreform.de,www.creditreform.de,+49 611 991950,+49 611 9919546
Creditreform Worms Kndler KG,Gutenbergstrae 23-25,67549,Worms,Info@Worms.Creditreform.de,www.creditreform.de,+49 6241 956820,+49 6241 956828
Creditreform Wuppertal Brodmerkel & Ktting KG,Werth 91+93,42275,Wuppertal,Info@Wuppertal.Creditreform.de,www.creditreform.de,+49 202 2556650,+49 202 2556680
Creditreform Wrzburg Bauer & Polyak KG,Martin-Luther-Strae 2,97072,Wrzburg,Inkasso@Wuerzburg.Creditreform.de,www.creditreform-wuerzburg.de,+49 931 30503-0,+49 931 30503-834
CRIF Brgel Dortmund GmbH & Co. KG,Poststrae 8,44137,Dortmund,info@buergel-dortmund.de,www.buergel-dortmund.de,+49 231 9156-500,+49 231 9156-399
CRIF Brgel Frankfurt (Oder) GmbH,Carthausplatz 1,15230,Frankfurt,inkasso@buergel-frankfurt-oder.de,www.buergel-frankfurt-oder.de,+49 335 55618-0,+49 335 55618-25
CRIF Brgel GmbH,"Friesenweg 4, Haus 12",22763,Hamburg,forderungsmanagement@buergel.de,www.buergel.de,+49 40 89803-0,+49 40 89803190
"CRIF Brgel GmbH, Ndl. Hamburg","Friesenweg 4, Haus 12",22763,Hamburg,,,,
CRIF Brgel Grnzig GmbH & Co. KG,Willy-Brandt-Strae 45,6110,Halle,inkasso@buergel-halle.de,www.buergel-halle.de,+49 345 5688-110,+49 345 5688-290
CURA Inkasso & Forderungsmanagement Inh. Gina Bechtold,Kastanienstr. 6,72458,Albstadt,info@cura-inkasso.de,www.cura-inkasso.de,+49 7431 1271-330,+49 7431 1271-331
D.I. Euregio Incasso GmbH,Goethestr. 1,52349,Dren,info@euregio-incasso.de,www.euregio-incasso.de,+49 2421 123440,+49 2421 123444
Data-Med Rheine KG,Salzbergener Str. 121,48431,Rheine,info@data-med-rheine.de,www.data-med-rheine.de,+49 5971 16160,+49 5971 161616
DB Inkasso K. Dammers & R. Bittner Inkasso GmbH & Co. KG,Bardenberger Strae 5,52146,Wrselen,inkasso@db-inkasso.de,www.db-inkasso.de,+49 2405 8093-0,+49 2405 809359
debcash Forderungsmanagement GmbH,Friesenplatz 16,50672,Kln,info@debcash.de,www.debcash.de,+49 221 571648-0,+49 221 571648-29
Debitor-Inkasso GmbH,Markttwiete 2,23611,Bad Schwartau,debitor@debitor.de,www.debitor.de,+49 451 2009399,+49 451 2009200
DebKonplus Inkasso GmbH,Hanns-Martin-Schleyer-Str. 34,47877,Willich,auftrag@debkonplus.de,www.debkonplus-inkasso.de,+49 2154 81629-20,+49 2154 81629-29
delfinax Forderungsmanagement GmbH,Warmbchenstr. 19,30159,Hannover,info@delfinax.de,www.delfinax.de,+49 511 357723-0,+49 511 357723-23
DelPro GmbH,Regattastr. 189,12527,Berlin,office@delpro.de,www.delpro.de,+49 30 3229521-601,+49 30 3229521-609
DELTA Forderungsservice OHG,Schulze-Delitzsch-Str. 1,61169,Friedberg,info@delta-fs.com,www.delta-fs.com,+49 6031 161970,+49 6031 161950
DI-Direkt Inkasso GmbH,Albert-Einstein-Str. 10,87437,Kempten,info@di-inkasso.de,www.di-inkasso.de,+49 831 5909088-100,+49 831 5909088-199
DIRECT INKASSO Inhaber Horst Gemsa e. K.,Grimmelallee 10,99734,Nordhausen,info@direct-inkasso-gemsa.de,www.direct-inkasso-gemsa.de,+49 3631 4978-0,+49 3631 497878
Direkt Inkasso Glasmeyer GmbH & Co. KG,Rathausstrae 10,49186,Bad Iburg,info@glasmeyer-inkasso.de,www.glasmeyer-inkasso.de,+49 5403 74770,+49 5403 747722
dohr Inkasso GmbH & Co. KG,Lilienthalstrae 9,41515,Grevenbroich,info@dohr-inkasso.de,www.dohr-inkasso.de,+49 2181 23660,+49 2181 236615
Dneke & Kurze Forderungsmanagement GmbH & Co. KG,Ulrichplatz 10,39104,Magdeburg,info@dk-inkasso.de,www.buergel-magdeburg.de,+49 391 5321230,+49 391 5321277
Dr. Christine Dausend Forderungsmanagement GmbH,Konrad-Adenauer-Str. 25,50996,Kln,info@dcdf.de,www.dcdf.de,+49 221 778891-0,+49 221 778891-99
Dr. Duve Inkasso GmbH,Angerstrae 6,30161,Hannover,Info@drduve-inkasso.de,www.drduve-inkasso.de,+49 511 96622-0,+49 511 3364920
DRECOUNT GmbH,Rosenstr. 32,1067,Dresden,info@drecount.de,www.drecount.de,+49 351 4812800,+49 351 4812612
DVD GmbH & Co. KG,Edmund-Rumpler-Str. 8-10,51149,Kln,info@dvdkoeln.de,www.dvdkoeln.de,+ 49 2203 3697-323,+ 49 2203 928-118
DVD Service Verwaltungs GmbH,Brderstr. 5,30159,Hannover,,,+49 151 58230915,
E.ON Energie Dialog GmbH,Wetzlarer Str. 54,14482,Potsdam,edo-kontakt@eon.com,www.eon.de,+49 331 234-2862,+49 331 234-2864
"Egge-Inkasso e.K., Inh.: Carsten Mbu",Pfarrer-Weyrather-Str. 17,33184,Altenbeken,carsten.moebuss@egge-inkasso.de,,+49 5255 931745,
Eichelbaum Inkasso-Leipzig,Walter-Albrecht-Weg 109a,4357,Leipzig,info@inkasso-le.de,www.inkasso-le.de,+49 341 60049-46,+49 341 60049-47
Einlagensicherungs- und Treuhandgesellschaft mbH,Kattenbug 01,50667,Kln,info@eis-treuhand.de,www.eis-treuhand.de,+49 221 912697-411,+49 221 912697-470
ELBE CREDIT MANAGEMENT GmbH,Gasstr. 18,22761,Hamburg,info@elbe-forderungsmanagement.de,www.elbe-creditmanagement.de,+49 40 89803-660,+49 40 89803-665
enDebito collect & finance GmbH,Ernst-Gno-Strae 22,40219,Dsseldorf,info@endebito.de,www.endebito.de,+49 211 5449994,+49 211 5449995
ENSECO GmbH,Marienstrae 1,39112,Magdeburg,info@enseco.de,www.enseco.de,+49 391 2436-1976,
EOS Communication Center Nrnberg GmbH,Hansastrae 13,90441,Nrnberg,info@eos-ccn.de,www.eos-ccn.de,+49 911 4245-1710,+49 911 4245-1713
EOS Deutscher Inkasso-Dienst GmbH,Steindamm 71,20099,Hamburg,info@eos-did.com,www.eos-did.com,+49 40 2850-0,+49 40 2850-1400
EOS Field Services GmbH,Steindamm 71,20099,Hamburg,info@eos-fieldservices.com,www.eos-fieldservices.com,+49 40 2859-0,+49 40 2859-1177
EOS Health Honorarmanagement AG,Lbeckertordamm 13,20099,Hamburg,info@healthag.de,www.healthag.de,+49 40 524 709-000,+49 40 524 709-020
EOS Immobilienworkout GmbH,Aktienstrae 53,45473,Mlheim an der Ruhr,,www.eos-immobilienworkout.com,+49 203 34839-0,+49 203 34839-222
EOS KSI Forderungsmanagement GmbH & Co. KG,Gottlieb-Daimler-Ring 7-9,74906,Bad Rappenau,info@eos-ksi.de,www.eos-ksi.de,+49 7066 9143-0,+49 7066 91439509
EOS Serviceline GmbH,Grobeerenstr. 179,14482,Potsdam,,www.eos-serviceline.com,+49 331 762-0,+49 331 762-222
Euler Hermes Collections GmbH,Zeppelinstr. 48,14471,Potsdam,collections.de@eulerhermes.com,www.eulerhermes-collections.de,+49 331 27890000,+49 331 5057121
EURINCASSO GmbH,Bernauer Str. 21,83209,Prien,info@eurincasso.de,www.eurincasso.de,+49 8051 9667470,+49 8051 96674745
Europa Inkasso Service GmbH,Am Clef 60-62,42275,Wuppertal,info@inkasso-eis.de,www.inkasso-eis.de,+49 202 946050,+49 202 9460555
EUROSOLVENT Inkasso GmbH & Co KG,Wittestr. 31,13509,Berlin,info@eurosolvent.de,www.eurosolvent.de,+49 30 3279630,+49 30 32796335
eventus inkasso gmbh,Burghauser Str. 2/III,84503,Alttting,info@eventus-inkasso.de,www.eventus-inkasso.de,+49 8671 969816,+49 8671 6102
EWD Inkasso GmbH,Kaiser-Wilhelm-Ring 27-29,50672,Kln,info@ewd-inkasso.de,www.ewd-inkasso.de,+49 221 59714700,+49 221 59714710
EXCON Services GmbH,Martin-Behaim-Str. 12,63263,Neu-Isenburg,info@excon.com,www.excon.com,+49 6102 7389-0,+49 6102 7389-66
EXGO INKASSO e.K.,Auf den Rden 18,35321,Laubach,info@exgoinkasso.de,www.exgoinkasso.de,+49 6405 917 36 0,+49 6405 917 36 17
Fadiko Fachdienstleistungen Koch,Inh. Melanie Koch,50931,Kln,kontakt@fadiko.de,www.fadiko.de,+ 49 172 201 3114,
Faircollect GmbH,Hans-Bckler-Str. 64,40764,Langenfeld,service@faircollect.de,www.faircollect.de,+49 2173 16533-71,+49 2173 16533-79
felix INKASSO-SERVICE Inh. Susanne Kirbach-Dietrich,Leipziger Str. 164,34123,Kassel,mail@felix-inkasso.de,www.felix-inkasso.de,+49 561 9538888,+49 561 5705877
FID Inkasso GmbH,Kunigundenstrae 71,90439,Nrnberg,info@fid-inkasso.de,www.fid-inkasso.de,+49 911 965018-0,+49 911 965018-20
financial.service.plus GmbH,Martin-Luther-Ring 13,4109,Leipzig,info@financial-service-plus.de,www.financial-service-plus.de,+49 341 355259-60,+49 341 355259-69
First Debit GmbH,Am Hlsenbusch 23,59063,Hamm,info@firstdebit.de,www.firstdebit.de,+49 2381 99540-30,+49 2381 99540-10
FIRST-Inkasso Claudius Wlcken,Bruderhofstr. 20,81371,Mnchen,mail@inkasso1.de,www.inkasso1.de,+49 89 8292939-01,+49 89 8292939-31
FM Consulting fr modernes Forderungsmanagement Inh. Mario Martens,In der Ahe 9,27356,Rotenburg,fmconsulting@ewe.net,,+49 4261 819493,+49 4261 819494
FMP Forderungsmanagement Potsdam GmbH,Jgerallee 23,14469,Potsdam,info@fmp-potsdam.de,www.fmp-potsdam.de,+49 331 8899 8877,+49 331 8899 3663
FMW ForderungsManagement Stephan Weidenbach,Willi-Stamer-Strae 1,82031,Grnwald,info@fmw-weidenbach.de,www.fmw-weidenbach.de,+49 89 64911912,+49 89 64911914
forte Inkasso GmbH,Hartstrae 54,82110,Germering,mail@forte-inkasso.de,www.forte-inkasso.de,+49 89 8470470,+49 89 84704747
Franke-Wathlingen GmbH,Schulstr. 23,29339,Wathlingen,info@franke-wathlingen.com,www.franke-wathlingen.com,+49 5144 4958761,+49 5144 4958763
Franke-Wathlingen GmbH,Schulstr. 23,29339,Wathlingen,info@franke-wathlingen.com,www.franke-wathlingen.com,+49 5144 4958761,+49 5144 4958763
Frankfurter Inkasso GmbH,Grobeerenstr. 179,14482,Potsdam,info@frankfurter-inkasso.de,www.frankfurter-inkasso.de,+49 331 5810-300,+49 331 5810326
Freche's Inkasso GmbH,Kardinal-Galen-Str. 11,47051,Duisburg,info@freches-inkasso.de,www.freches-inkasso.de,+49 203 935163-50,+49 203 935163-55
Funda Inkasso e.K. Bettina Weinberger,Lindbergmhle 21,94227,Lindberg,info@funda-inkasso.de,www.funda-inkasso.de,+49 9922 8029024,+49 9922 8029025
GCV Gesellschaft f. Capital- und Vermgensverwaltung mbH,Huyssenallee 86,45128,Essen,inkasso@vonessenbank.de,,+49 201 8118-135,+49 201 8118220
General-Inkasso Inh. Johannes Swemers,Industriering Ost 66,47906,Kempen,,,,
GERI.DE GmbH,Boschetsrieder Strae 69,81379,Mnchen,,www.gerihdp.com,+49 89 20006722,
Gesellschaft fr internationalenCreditschutz LIC Deutschland GmbH,Wiener Platz 4,51065,Kln,info@lic-deutschland.com,www.lic-deutschland.com,+49 221 9625290,+49 221 613636
GFKL Collections GmbH,Berliner Str. 93,40880,Ratingen,inkasso.gcg@gfkl.com,www.gfkl-collections.de,+49 2102 553 700,+49 2102 553 7099
GFKL PayProtect GmbH,Am EUROPA-CENTER 1b,45145,Essen,info@domnowski.de,www.domnowski.de,+49 201 7696-212,+49 201 7696-199
Giebel Rechtsbesorgungs-GmbH,Legienstrae 1,28188,Bremen,post@giebel.de,,+49 421 439103,+49 421 4391317
Gisela Halter,Dornstadter Str. 5,89179,Beimerstetten,info@schreibbuero-ulm.de,www.schreibbuero-ulm.de,+49 7348 4081145,+49 7348 4081146
GMF Gesellschaft fr innovatives Forderungsmanagement mbH,Markgrflerstr. 12,70329,Stuttgart,info@gmf-gmbh.de,www.gmf-gmbh.de,+49 711 9011450,+49 711 90114520
GMI - Gesellschaft fr Mahn- und Inkassowesen mbH,Natruper Str. 57,49076,Osnabrck,info@gmi-service.de,www.gmi-service.de,+49 541 58053-112,+49 541 58053-110
Greif Handelsauskunftei und Inkasso Stephan GmbH,Felix-Wankel-Strae 3,85221,Dachau,info@greifinkasso.com,www.greifinkasso.com,+49 8131 3146-0,+49 8131 3146655
GSG Inkasso GmbH,Chiemgaustr. 109,81549,Mnchen,,www.gsg-inkasso.de,+49 89 689 508 93,+ 89 680 334 0
"Haldan-Inkasso, Inh. Klaus Haldan",Stuttgarter Str. 42,71691,Freiberg am Neckar,info@haldan-inkasso.de,www.haldan-inkasso.de,+49 7141 97206-0,+49 7141 97206-10
HANSA Inkasso GmbH,Ahrensbker Str. 10,23858,Reinfeld,Info@hansa-inkasso.com,www.hansa-inkasso.com,+49 4533 20700-60,+49 4533 20700-69
Hanseatische Print & Medien Inkasso GmbH,Brunskamp 9,21220,Seevetal,service@hpm-inkasso.de,www.hpm-inkasso.de,+49 4105 6664400,+49 4105 6664440
HB Payment GmbH,Arcus-Park/Torgauer Str. 233,4347,Leipzig,info@prokur-inkasso.de,www.prokur-inkasso.de,+49 341 92659-360,+49 341 92659-355
HDK Hanseatische Debitoren-Kontrolle Mahnwesen und Inkasso GmbH,Schtzenstr. 3a,23843,Bad Oldesloe,info@hdk-inkasso.de,www.HDK-inkasso.de,+49 4531 2655,+49 4531 2685
HDS Hans-Dieter Schaltmann Inkassounternehmen,Grtnerstr. 44,45128,Essen,info@hds-inkasso.de,www.hds-inkasso.de,+49 201 8272166,+49 201 8272198
Heidi Fricke Inkassounternehmen,Franz-Mehring-Str. 10,6846,Dessau,info@inkasso-fricke.com,www.inkasso-fricke.com,+49 340 6611306,+49 340 6611305
Hermann Ahrens Havariebro GmbH,Trostbrcke 1,20457,Hamburg,s.norusi@hermannahrens.de,www.hermannahrens.de,+49 40 367836,+49 40 366273
Hermann Bosch Inkasso und Beratung GmbH & Co. KG,Augsburger Str. 10,99091,Erfurt,info@bosch-inkasso.de,www.bosch-inkasso.de,+49 361 262418-0,+49 361 26241813
hessen-inkasso-debita Bernd Helmbold & Lothar Fenner GbR,Ziegenhainer Str. 23,34626,Neukirchen,info@hessen-inkasso.de,www.hessen-inkasso.de,+49 6694 7159,+49 6694 6351
Heyer Inkassounternehmen,Grafenberger Allee 357,40235,Dsseldorf,inkassoheyer@aol.com,www.inkasso-heyer.de,+49 211 6803097,+49 211 6803019
HFG Inkasso GmbH,Caffamacherreihe 7,20355,Hamburg,hfg@hfg.de,www.hfg-inkasso.de,+49 40 41 30 95 71,+49 40 41 30 93 00
HFI Finanz- und Investitions-Beratungsgesellschaft Hamm mbH,Gabelsbergerstr. 1 a,59069,Hamm,info@hfi-inkasso.de,www.hfi-inkasso.de,+49 2385 92244-0,+49 2385 92244-29
HIB Hanse Inkasso Bureau GmbH & Co.,Normannenweg 32,20537,Hamburg,info@HIB-Inkasso.de,www.HIB-Inkasso.de,+49 40 37 47 58-710,+49 40 37 47 58-858
HIK Hanseatisches Inkasso Kontor GmbH & Co. oHG,Normannenweg 32,20537,Hamburg,info@hik-inkasso.de,www.hik-inkasso.de,+49 40 22634047,+49 40 37475869
HIT Hanseatische Inkasso-Treuhand GmbH,Eiffestr. 76,20537,Hamburg,hit@hit-inkasso.de,www.hit-inkasso.de,+49 40 2999230,+49 40 292528
HmcS Gesellschaft fr Forderungsmanagement mbH,Brsseler Strae 7,30539,Hannover,mail@hmcs.com,www.hmcs.com,+49 511 763333-0,+49 511 763333-90
"Hoist Finance AB (publ), Niederlassung Deutschland",Philosophenweg 51,47051,Duisburg,info@hoist-group.com,www.hoist-group.com,+49 203 75691-0,+49 203 75691-110
HW-Inkasso Heidrun Wermter,Brhlstrae 5,72147,Nehren,hw-inkasso@web.de,,+49 7473 5268,+49 7473 25848
i-1st inkasso first GmbH,Allersberger Str. 85,90461,Nrnberg,info@inkasso-first.com,www.inkasso-first.com,+49 911 9443471,+49 911 4468760
I.R.S Inkasso-Dienst Rosemarie Schmidt,Jahnplatz 6,33602,Bielefeld,info@irs-inkasso.de,,+49 521 41779947,+49 521 41779949
IFA Inkasso und Factoring GmbH & Co. KG,Adenauerallee 48,53113,Bonn,,,+49 228 269040,+49 228 2690489
IGEL INKASSO und Forderungsmanagement,uere Zwickauer Strae 21,8064,Zwickau,mail@igel-zwickau.de,www.igel-zwickau.de,+49 375 21489799,+49 375 21485308
"IGP Inkasso Dieter Gumbert & Michael Linhart, GbR",Wingersdorf 7,94136,Kellberg,info@igp-inkasso.de,www.igp-inkasso.de,+49 8501 8448,+49 8501 8440
IHD Gesellschaft fr Kredit- und Forderungsmanagement mbH,Augustinusstrae 11 B,50226,Frechen,service@ihd.de,www.ihd.de,+49 2234 96420,+49 2234 964213
ikw Service GmbH,Wandalenweg 47,20097,Hamburg,info@ikw-service.de,www.ikw-service.de,+49 40 23727-0,+49 40 23727311
infoscore Forderungsmanagement GmbH,Gtersloher Strae 123,33415,Verl,info@infoscore.de,finance.arvato.com,+49 5246 939 1000,+49 5246 939 7520
Inkasso 24 AG,Bahnhofstr. 6,9111,Chemnitz,service@inkasso24.de,www.inkasso-24.de,+49 371 90944-0,+49 371 90944-44
Inkasso Becker Wuppertal GmbH & Co. KG,Friedrich-Engels-Allee 32,42103,Wuppertal,kontakt@inkassobecker.de,www.inkassobecker.de,+49 202 49371-0,+49 202 4937179
Inkasso Brger GmbH & Co. KG,Herzebrockweg 5,59329,Wadersloh,info@inkasso-buerger.de,www.inkasso-buerger.de,+49 2523 954484-0,+49 2523 954484-20
Inkasso Goldbach GmbH,Seligenstdter Str. 100,63791,Karlstein am Main,info@inkasso-goldbach.de,www.inkasso-goldbach.de,+49 60 188 30 630 0,+49 60 188 30 630 10
Inkasso Heinz GbR,Kapellenweg 5,97618,Wlfershausen,info@Inkasso-Heinz.de,www.inkasso-heinz.de,+49 9762 6699,+49 9762 6655
Inkasso Kodat GmbH & Co KG,Huyssenallee 86,45128,Essen,info@inkasso-kodat.de,,+49 201 8118-100,+49 201 8118-220
Inkasso Kromer GmbH,Berliner Str. 24,72458,Albstadt,info@inkasso-kromer.de,www.inkasso-kromer.de,+49 7431 93499-0,+49 7431 93499-19
Inkasso Mildau,Sulzbachtalstr. 61 a,66125,Saarbrcken,mail@inkasso-mildau.de,www.inkasso-mildau.de,+49 6897 95288-0,+49 6897 95288-11
Inkasso Roswitha Klein Inh. Roswitha Klein gepr. Rechtsfachwirtin,Erlenweg 4,94405,Landau,info@inkasso-klein.de,www.inkasso-klein.de,+49 9951 599037,+49 9951 599148
Inkasso Sebald Sylvia Sebald,Wallensteinstrae 18,87700,Memmingen,,,+49 8331 958787,+49 8331 958799
Inkasso Service Gerlinde Danner,Dr.-Ernst-Derra-Strae 4,94036,Passau,office@inkasso-danner.de,www.Inkasso-Danner.de,+49 851 95508121,+49 851 95508221
Inkasso Sieber Claudia Sieber,Dellberg 42,45149,Essen,info@inkasso-sieber.de,www.inkasso-sieber.de,+49 201 46920-750,+49 201 46920-777
Inkasso Sdbaden GmbH,Johann-Neusch-Passage 1,79336,Herbolzheim,info@inkasso-suedbaden.de,www.inkasso-suedbaden.de,+49 7643 9199070,+49 7643 9199079
Inkasso u. Forderungsmanagement Marion Mnig,Wiebusch 32,59872,Meschede,inkasso-moenig@t-online.de,,+49 291 902396-63,+49 291 902396-64
Inkasso und Broservice K.-D. Frbass,Tannenweg 14 a,53783,Eitorf,Fuerbass-Eitorf@t-online.de,,+49 2243 80305,+49 2243 80345
Inkasso-Auendienst Deutschland Betriebsgesellschaft mbH,Revierstr. 3,44379,Dortmund,info@iadb-online.de,www.iadb-online.de,+49 (0) 231 94189 170,+49 (0) 231 94189 175
Inkasso-Service Margarete Tenzer,Neuhalde 14,75428,Illingen,info@inkasso-tenzer.de,,+49 7042 91 720 91,+49 7042 91 720 92
Inkasso-Treuhand Christa Birk,Krntnerstr. 38,72379,Hechingen,info@inkasso-treuhand-birk.de,,+49 7471 9349-0,+49 7471 934919
Inkasso-Unternehmen Claahsen,Lindenallee 7,47533,Kleve,info@inkasso-claahsen.de,www.inkasso-claahsen.de,+49 2821 25001,+49 2821 23564
Inkasso-Unternehmen Hans-Gnther Brockmeyer,Stuhrbaum 59,28816,Stuhr,Brockmeyer-Inkasso@t-online.de,,+49 421 565410,+49 421 5654111
Inkassobesuchsdienst H. H. GmbH,Kohlenstr. 125,34121,Kassel,inkassobesuchsdienst@t-online.de,www.inkassobesuchsdienst.de,+49 561 207940,+49 561 887619
Inkassobro Biwer,Ziegelhtte 8,75038,Oberderdingen,inkassobiwer@online.de,,+49 7045 7419505,+49 7045 7419506
Inkassobro Czarnetzki,Franzisstr. 19,45891,Gelsenkirchen,info@inkasso-bc.de,www.inkasso-bc.de,+49 209 999-4588,+49 209 999-4587
Inkassobro Frstner,Stromeyerallee 11,24159,Kiel,info@inkasso-sf.de,www.inkasso-sf.de,+49 431 32 90 94 31,+49 431 32 90 94 34
Inkassobro IUS INVOCATIO,Veit-Sto-Str. 12,92637,Weiden,info@nicklas-sammet.de,,+49 961 3819931,+49 961 3819933
Inkassobro Ove Jannsen,Kirchensteig 9,25899,Niebll,immo.jannsen@t-online.de,,+49 4661 5854,+49 4661 3929
Inkassobro Schinke,Zaukenstr. 9,1814,Bad Schandau,info@inkasso-schinke.de,www.inkasso-schinke.de,+49 35022 5004-60,+49 35022 5004-61
Inkassobro Thomas Eizenhfer,Hindelanger Strae 35,87527,Sonthofen,info@inkasso-eizenhoefer.de,www.inkasso-eizenhoefer.de,+49 8321 619820,+49 8321 619821
Inkassobro Thumm GmbH,Bahnhofstrae 10,71672,Marbach,info@inkasso-thumm.de,www.inkasso-thumm.de,+49 7144 8528-0,+49 7144 8528-20
"Inkassodienst Flling, Inh. Mario Rades",Thesings Allee 16a,33332,Gtersloh,info@inkasso-foelling.de,www.inkasso-foelling.de,+49 5241 95590,+49 5241 955920
Inkassodienst Kltz GmbH,Biblisweg 9,68766,Hockenheim,info@inkasso-kluetz.de,,+49 6205 309330,+49 6205 309339
Inkassodienst Manuela Brockbals,Hauptstr. 84 a,33758,Schlo Holte-Stukenbrock,info@brockbals-inkasso.de,www.brockbals-inkasso.de,+49 5207 889815-16,+49 5207 8898-23
Inkassogesellschaft AUREUS mbH,Flsselweg 26 a,76646,Bruchsal,info@aureus-inkasso.de,www.aureus-inkasso.de,+49 7251 72470-0,+49 7251 72470-11
inkassokontor24 Ass. jur. Mirjam Glock,Gottfried-Bhm-Ring 30,81369,Mnchen,info@inkassokontor24.de,www.inkassokontor24.de,+49 89 74357-643,+49 89 74357-882
INKASSOservice Annette Ansorge,Glockenstrae 13,28309,Bremen,ansorge@inkassoservice.de,www.inkassoservice.de,+49 421 2584528,+49 421 2584527
Inkassounternehmen A.M. Kozemko,Holzeralmweg 27,83703,Gmund a. Tegernsee,inkasso@kozemko.de,www.kozemko.de,+49 8022 97707,+49 8022 97757
Inkassounternehmen Decker-Fischbeck GmbH,Neue Strae 23,26316,Varel,info@inkasso-varel.de,www.inkasso-varel.de,+49 4451 860641,+49 4451 959808
Inkassounternehmen Dr. Karl-Heinz Brunner,Schwalbenweg 15,89257,Illertissen,info@karl-heinz-brunner.de,,+49 7303 920439,+49 7303 920438
Inkassounternehmen Gerda Herr,Bouterwekstrae 16,42327,Wuppertal,gerda.herr.inkasso@web.de,,+49 202 740750,+49 202 745222
Inkassounternehmen Gnter Bareiss,Goethestrae 16,73557,Mutlangen,g.bareiss@mcmot.com,,+49 7171 795288,+49 7171 76744
Inkassounternehmen Inge Burwinkel-Hertrich,Sandhrn 3,26197,Ahlhorn,ibh-inkasso@t-online.de,,+49 4435 9705-15,+49 4435 970516
Inkassounternehmen Irene Hannich,Postweg 36,46499,Hamminkeln,info@inkasso-hannich.de,www.inkasso-hannich.de,+49 28 52 - 4395,+49 28 52 - 5390154
Inkassounternehmen Kathrin Werner,Am Sdhang 46,9439,Amtsberg,info@inkasso-werner.de,www.rechtsdienste-werner.de,+49 37209 699860,+49 37209 699861
Inkassounternehmen Rolf Potschka,An der Vosskuhle 7,46514,Schermbeck,inkasso.potschka@t-online.de,,+49 2853 955410,+49 2853 955411
Inkassounternehmen Rhle Inh. Uwe Rhle,Heessener Dorfstrae 69 A,59073,Hamm,inkasso.ruehle@t-online.de,,+49 2381 6974,+49 2381 31141
Inkassounternehmen Scholles GmbH,Am Alten Weinberg 30,65207,Wiesbaden,info@inkasso-scholles.de,www.inkasso-scholles.de,+49 6122 12313,+49 6122 12519
Inkassounternehmen Stockhorst,Alfred-Flender-Strae 72-74,46395,Bocholt,post@inkasso-stockhorst.de,www.inkasso-stockhorst.de,+49 2871 - 99 58 750,+49 2871 - 99 58 749
Inkassounternehmen Transfer OFFICE GmbH,Am Borsigturm 48,13507,Berlin,kontakt@transfer-office.de,www.transfer-office.de,+49 30 430321-40,+49 30 43032146
inkor Inkassounternehmen und Detektei Olaf Richter,Kochhannstr. 3,10249,Berlin,richter.or@t-online.de,,+49 30 4222292,+49 30 42083253
INSEKO InkassoServiceKontor,Weserberglandstrae 6,48527,Nordhorn,info@inseko-inkasso.de,www.inseko-inkasso.de,+49 5921 721606,05921-721607
Intecredo Inkasso GmbH,Schiffbrckstrae 2,24937,Flensburg,info@intecredoinkasso.de,www.intecredoinkasso.de,+49 461 995890-30,+49 461 995890-40
Inter Inkasso AG,Heimrodstrae 14,64625,Bensheim,info@interinkasso-ag.de,www.interinkasso-ag.de,+49 6251 86951-41,+49 6251 86951-42
INTERWEGA international Ges. fr Debitorenmanagement m.b.H.,Friesenweg 4 - Haus 14,22763,Hamburg,inkasso@interwega.de,www.interwega.de,+49 40 819008-0,+49 40 819008-610
INTEX-Kreditberwachung GmbH,Palatiumstr. 4 A,63500,Seligenstadt,service@intexinkasso.de,www.intexinkasso.de,+49 6182 9922370,+49 6073 744 64 12
Intrum Deutschland GmbH,Donnersbergstrae 1,64646,Heppenheim,info@de.intrum.com,www.lindorff.de,+49 6252 6720,+49 6252 672230
Intrum Financial Services GmbH,Donnersbergstrae 1,64646,Heppenheim,info@de.intrum.com,www.intrum.de,+49 6252 9380 100,+49 6252 9380 285
JAG - INKASSO,Fritz Ebel Allee 19,36341,Lauterbach,sv.jacob@jag-inkasso.de,www.jag-inkasso.de,+49 6641 91167418,+49 6641 91167611
Jedermann Inkasso GmbH,Landesstrae 85,21776,Wanna,service@jedermanninkasso.com,,+49 4721 620999-0,+49 4721 620999-300
JurCapital GmbH,Zollhof 8,40221,Dsseldorf,info@jurcapital.de,www.jurcapital.de,+49 211 8687-290,+49 211 8687-295
Jutta Pietschmann Inkasso-Unternehmen,Wetterauer Strae 19 A,61184,Karben,pietschmann@kanzlei-srp.de,,+49 6034 930148,+49 6034 930150
Kalkbrenner Inkasso- & Forderungsmanagement,Stau 142,26122,Oldenburg,info@kalkbrenner-inkasso.de,www.kalkbrenner-inkasso.de,+49 441 20508-0,+49 441 20508-18
Kampmann Inkassounternehmen,Schillerstrae 7,40721,Hilden,info@kampmann-inkasso.de,www.kampmann-inkasso.de,+49 2103 4182-290,+49 2103 4182-199
KKI Kern-Korte GmbH & Co.KG,Rheingoldstr. 38,68623,Lampertheim,inkasso@kern-korte-inkasso.de,www.kern-korte-inkasso.de,+49 6241 9546-0,+49 6241 9546-19
KLI Kaufleute Inkasso,Salzbergener Str. 121,48431,Rheine,info@kli.de,www.kli.de,+49 5971 16170,+49 5971 161718
KOHL GmbH & Co. KG,Rheinstrae 105,55424,Mnster-Sarmsheim,,,+49 6721 493 184,+49 6721 493 244
Knigs Inkasso GmbH,Mhlenstr. 49,47918,Tnisvorst,vertrieb@koenigs-inkasso.de,www.koenigs-inkasso.de,+49 2151 4543-0,+49 2151 4543-10
Konsul Inkasso GmbH,Lindenallee 29,45127,Essen,support.konsul@db.com,,+49 201 2464 6059,+49 201 822 3332
Kreishandwerkerschaft Gelnhausen-Schlchtern,Brentanostr. 2-4,63571,Gelnhausen,info@kh-gelnhausen.de,www.kh-gelnhausen.de,+49 6051 9228-0,+49 6051 9228-30
Kreishandwerkerschaft Werra-Meiner,Bismarckstrae 1,37269,Eschwege,info@kh-wm.de,www.kh-wm.de,+49 5651 74450,+49 5651 744590
KRUK Deutschland GmbH,Friedrichstr. 79,10117,Berlin,info@de.kruk.eu,www.kruk.eu,+ 49 30 8187 5812,+ 49 30 8187 5811
Lambertus-Inkasso KG,Neumhlenstrae 44,26316,Varel,firma@lambertus-inkasso.de,www.lambertus-inkasso.de,+49 4451 9609-0,+49 4451 960915
LAS GmbH,Karl-Liebknecht-Str. 143,4277,Leipzig,info@las-online.de,www.las-online.de,+49 341 355977-0,+49 341 35597999
Leffizienz Inkassogesellschaft mbH,Wankelstrasse 5,70563,Stuttgart,info@leffizienz-inkasso.de,www.leffizienz-inkasso.de,+49 711 6723552-0,+49 711 6723552-30
LEGA-TREUHAND Rechts- und Steuerberatungsgesellschaft mbH,Legienstr. 3,28188,Bremen,info@lega.de,,+49 421 4301133,
LEGIAL AG,Thomas-Dehler-Str. 2,81737,Mnchen,info@legial.de,www.legial.de,+49 89 6275 6800,+49 89 6275 6833
Lensing & Brockhausen Inkasso GmbH,Werner-Heisenberg-Strae 27,46446,Emmerich,info@LB-Inkasso.com,www.LB-Inkasso.com,+49 2822 9821-34,+49 2822 982135
LexFort Inkasso GmbH,Kreuztor 8,38126,Braunschweig,info@lexfort.de,www.lexfort.de,+49 531 70734020,+49 531 70734019
Liewes Inkasso & Consulting,Inh. Peter Liewes,47533,Kleve,info@liewesconsult.de,www.liewesconsult.de,+49 2821 6699329,
Lindner-Inkasso,Lampestr. 2,4107,Leipzig,info@lindner-inkasso.de,www.lindner-inkasso.de,+49 341 12 46 69 80,+49 341 12 46 69 819
LINK Financial GmbH,Hohenstaufenring 43-45,50674,Kln,info@linkfinancial.de,,+49 221 788990,+49 221 78899-200
liqui.MAX Liquidittsmaximierungs GmbH,Dieselstr. 4,89160,Dornstadt,kontakt@liqui-max.de,www.liqui-max.de,+49 7348 967798-0,+49 7348 967798-9
LIQUIDA Inkasso GmbH,Lise-Meitner-Str. 23,74074,Heilbronn,Info@Liquida-Inkasso.de,www.Liquida-Inkasso.de,+49 7131 58206-0,+49 7131 58206229
LIQUIDO Inkasso GmbH & Co. KG,Leibnizstrae 4,7548,Gera,info@buergel-gera.de,www.buergel-gera-inkasso.de,+49 365 82404-0,+49 365 8240410
Lowell Inkasso Service GmbH,Clarita-Bernhard-Str. 27,81249,Mnchen,office.lis@lowellgroup.de,www.lowellgroup.at,+49 89 230 77 870,+49 89 230 77 803
LZI Langzeitinkasso GmbH,Caffamacherreihe 7,20355,Hamburg,info@lzi-inkasso.de,www.langzeitinkasso.de,+49 40 3020883-30,+49 40 3020883-99
Mahn- und Inkasso-Service Bernd Schfer,Dietrich-Bonhoeffer-Strae 8,55546,Hackenheim,info@schaefer-inkasso.de,www.schaefer-inkasso.de,+49 671 8960-267,+49 671 8960268
Mahn- und Inkassoservice Evelyn Vogg,Afrastr. 61 a,86316,Friedberg,EVogg318110812@aol.com,www.inkasso-vogg.de,+49 821 666694,+49 821 2638988
Mainhattan Inkasso und Forderungsmanagement,Im Heimgarten 8,60389,Frankfurt,info@mainhattan-inkasso.de,www.mainhattan-inkasso.de,+49 69 1539-4226,+49 69 1539-4227
Marktter Inkasso Inh. Sabine Hanisch,Steinweg 10,91074,Herzogenaurach,info@inkasso-markoetter.de,www.inkasso-markoetter.de,+49 9132 8363837,+49 9132 8363838
MAYE FINANCIAL SERVICES e.K.,Osterhof 3,59929,Brilon,office@maye-financial.com,www.maye-financial.com,+49 2961 7799-625,+49 2961 7799-627
Media Inkasso GmbH & Co. KG,Osnabrcker Landstrae 2-8,33335,Gtersloh,mail@media-Inkasso.com,www.media-inkasso.com,+49 5241 9723107,+49 5241 97233107
Medizininkasso Schlotmann & Sterz GmbH,Kaiserstr. 29,63065,Offenbach,info@medizininkasso.de,www.medizininkasso.de,+49 69 750887-0,+49 69 750887-77
Merkur GmbH Forderungsmanagement Inkasso und Auskunftei,Chiemgaustr. 109,81549,Mnchen,info@merkur-gmbh.de,www.merkur-gmbh.de,+49 89 689508-0,+49 89 6803340
Merkur Inkasso GmbH,Lange Str. 126,76530,Baden-Baden,info@merkur-inkasso.de,www.merkur-inkasso.de,+49 7221 52212,+49 7221 506399
MFI Inkasso GmbH,Dorfstr. 10,24850,Lrschau,info@mfi-inkasso.de,www.mfi-inkasso.de,+49 180 5634000,+49 180 5634001
MG Debitorenservice Sylvia Grevel,Kaltenbach 2a,85656,Buch,mg-service@t-online.de,www.mg-debitorenservice.de,+49 8083 9088-0,+49 8083 9088-25
MH Forderungsmanagement GmbH,Kammerfeldstrae 4,85391,Allershausen,info@mh-foma.de,www.mh-foma.de,+49 8166 9958770,+49 8166 9958775
mk harz inkasso e.K.,Nansenweg 2,38642,Goslar,info@mk-harz-inkasso.de,www.mk-harz-inkasso.de,+49 5321 306708,+49 5321 306709
Monitas Inkasso GmbH,Leyentalstrae 78 b,47799,Krefeld,info@monitas-inkasso.de,www.monitas-inkasso.de,+49 2151 36022-34,+49 2151 36045-53
Mrschel GmbH,Hungener Str. 24,61200,Wlfersheim,udo@moerschel.com,www.moerschel.com,+49 6036 904825,+49 6036 988481
MPR GmbH,Am Kaiserkai 69 in,20457,Hamburg,,www.mprdebt.de,+49 40 226 160 550,
MPR GmbH,Am Kaiserkai 69 in,20457,Hamburg,,www.mprdebt.de,+49 40 226 160 550,
mydebitors Inkasso GmbH,Zaunstr. 68,50181,Bedburg,J.Gerrits@mydebitors.de,www.mydebitors.de,+49 1805 9972100,+49 2463 9972101
Niedling Wirtschaftsdienste GmbH,St.-Christophorus-Str. 5,99092,Erfurt,info@niedling-wirtschaftsdienste.de,www.niedling-wirtschaftsdienste.de,+49 361 7770333,+49 361 7770330
Nord-Inkasso Julia Brmmer e. K.,Schulstr. 10,21781,Cadenberge,info@nord-inkasso.de,www.nord-inkasso.de,+49 4777 1257,+49 4777 8191
Nord-Sd-Inkasso M. Mischke oHG,Eckernfrder Str. 54-56,24768,Rendsburg,info@nord-sued-inkasso.de,www.nord-sued-inkasso.de,+49 4331 339587-15,+49 4331 339587-99
Norddeutscher Inkasso Dienst N.I.D. GmbH,Parallelstrae 5,22851,Norderstedt,info@nid.gmbh,www.nid.gmbh,+49 40 33461570,+49 40 334615799
on-collect.de GmbH,Karlstrae 3,89073,Ulm,info@on-collect.de,www.on-collect.de,+49 7 31140557-415,+49 7 31140557-411
opta data Gruppe,Berthold-Beitz-Boulevard 514,45141,Essen,service@optadata-gruppe.de,www.optadata-gruppe.de,+49 201 3196-0,+49 201 3196-222
Osthoff-Inkasso,Kolkwitzer Str. 18,3046,Cottbus,info@osthoff-inkasso.de,www.osthoff-inkasso.de,+49 171 6435697,+49 355 49496249
Pactum Collections GmbH,"Aufgang A, 6th floor Helmholtzstr. 2-9",10587,Berlin,,www.ferratumgroup.com,,
PAIR Finance GmbH,Hardenbergstr. 32,10623,Berlin,info@pairfinance.com,www.pairfinance.com,+49 30 120 8790 0,+49 30 120 8790 99
Pay Due Inkasso GmbH,Robert-Koch-Strae 50,55129,Mainz,info@paydue.de,www.paydue.de,+49 (0) 6131 636 863-0,+49 (0) 6131 636 863-9
Petra Schygulla Inkassoservice,Maximiliankorso 49,13465,Berlin,post@ps-inkasso-berlin.de,www.ps-inkasso-berlin.de,+49 30 4062526,+49 30 4062527
Pfalz-Inkasso GmbH,Kirchstr. 16,67722,Winnweiler,info@pfalz-inkasso.de,www.pfalz-inkasso.de,+49 6302 60972-0,+49 6302 60972-9
Phoenix Inkasso GmbH,Brunskamp 9,21220,Seevetal,webmaster@phoenix-inkasso.de,www.Phoenix-Inkasso.de,+49 4105 58020-00,+49 4105 58020-40
PIK Inkassodienst Inh. Ergin Aycicek,Hessenring 99 B,61348,Bad Homburg,pik@pik-inkasso.de,www.pik-inkasso.de,+49 6172 129061,+49 6172 129070
Plckl Inkasso GmbH,Landshuter Allee 8,80637,Mnchen,ploeckl@ploeckl-inkasso.de,www.ploeckl-inkasso.de,+49 89 5155596-0,+49 89 5155596-69
PM Inkasso Bergstrae e.K. Inh. Petra Mller,Schwanheimer Strae 68,64625,Bensheim,info@pm-inkasso-bergstrasse.de,www.inkasso.de,+49 6251 669652,+49 6251 669651
postulatio-Inkasso Inh. Peter Oehler,Ehrensteinstr. 28,4105,Leipzig,info@postulatio-inkasso.de,www.postulatio-inkasso.eu,+49 341 96277-83,+49 341 149400-32
PR. COLLECT Inh. Petra Rangen,Ikarusallee 15,30179,Hannover,,,+49 511 9200740,
PRA Group Deutschland GmbH,Landfermannstr. 6,47051,Duisburg,info@pragroup.de,www.pragroup.de,+49 203 289260,+49 203 28926111
prego services GmbH,Neugrabenweg 4,66123,Saarbrcken,inkasso@prego-services.de,www.prego-services.de,+49 681 95943-5665,+49 681 95943-5656
PREMIUM-INKASSO Silke Nissen,An Deroy 29,76726,Germersheim,info@premium-inkasso.de,www.premium-inkasso.de,+49 7274 500 4660,+49 7274 500 4661
ProCash Collection Services GmbH,Weichengereuth 26,96450,Coburg,info@procash-coburg.de,www.procash-coburg.de,+49 9561 8060-0,+49 9561 8060-783
Proceed Collection Services GmbH,Am EUROPA-CENTER 1b,45145,Essen,Info@pcs-nl-essen.de,www.proceed-collection.de,+49 201 769-5900,+49 201 7695769545
Prodefacto Forderungsmanagement GmbH,Am Landgericht 2,49074,Osnabrck,info@prodefacto.de,www.prodefacto.de,+49 541 9155-0,+49 541 9155-342
Profaktura Auslandsinkasso GmbH,Weichengereuth 26,96450,Coburg,info@profaktura.de,www.profaktura.de,+49 9561 8060-0,+49 9561 8060-805
ProLife GmbH,Hebbelstrae 61,85055,Ingolstadt,info@prolife-gmbh.de,www.prolife-gmbh.de,+49 841 981601350,+49 841 981601355
Randstad Financial Services GmbH,Helfmann-Park 8,65760,Eschborn,,www.randstad.de,+49 6196 40822-01,+49 6196 40822-09
REAL Solution Factoring GmbH,Normannenweg 32,20537,Hamburg,factoring@real-solution.de,www.real-solution.de,+49 40 374758-0,+49 40 374758-739
REAL Solution Inkasso GmbH & Co. KG,Normannenweg 32,20537,Hamburg,kontakt@real-inkasso.de,www.real-inkasso.de,+49 40 374758-710,+49 40 374758-739
Rechtsbeistand Ulf Giebel,Stresemannstrae 60,28188,Bremen,post@giebel.de,,+49 421 4391448,+49 421 4391416
Regio Inkasso GmbH,Tumringer Str. 199,79539,Lrrach,info@regio-inkasso.de,www.regio-inkasso.de,+49 7621 15020,+49 7621 150299
regiocom Magdeburg GmbH,Marienstr. 1,39112,Magdeburg,kontakt@regiocom-magdeburg.com,www.regiocom-magdeburg.com,+49 391 2436-1750,+49 391 2436-1799
regiocom SE,Marienstr. 1,39112,Magedburg,kontakt@regiocom.com,www.regiocom.com,+49 391 2436-0,+49 391 2436-2121
Rehberg Forderungsmanagement GmbH,Friedhofstrae 78,63263,Neu-Isenburg,info@rehberg-inkasso.com,www.rehberg-inkasso.com,+49 69 84848330,+49 69 83830689
Rhein Inkasso und Forderungsmanagement GmbH,Carl-Reuther-Str. 1,68305,Mannheim,info@rheininkasso.de,www.rheininkasso.de,+49 621 12188143,+49 621 12182869
Rheinischer-Inkassodienst e.K. Inh. Bernd Wefelscheid,Kurfrstenstrae 23,56068,Koblenz,info@rheinland-inkasso.de,www.rheinland-inkasso.de,+49 261 915371,+49 261 15922
Richter Mahn- und Inkassodienst Chemnitz GmbH & Co. KG,Zwickauer Strae 74,9112,Chemnitz,info@richter-inkasso.de,www.richter-inkasso.de,+49 371 3809-0,+49 371 3809-400
RIS Rotenburger Inkasso-Service Peter Wegner,Arnikaweg 7,27356,Rotenburg/Wmme,bade-wegner@t-online.de,,+49 4261 962517,+49 4261 962518
Rotonda Inkasso GmbH,Salierring 32,50677,Kln,info@rotonda-inkasso.de,www.rotonda-inkasso.de,+49 221 9977-180,+49 221 9977190
S I E Inkassodienstleistungen Nina Ewers,Junkernallee 10,33161,Hvelhof,info@si-ewers.de,www.si-ewers.de,+49 5257 93698-18,+49 5257 93698-19
Saldaris GmbH,Am Lichtbogen 55,45141,Essen,info@saldaris.de,www.saldaris.de,+49 201 890792-00,+49 201 890792-80
Scharf Inkasso KG,Dohnaer Str. 45,1219,Dresden,,,+49 351 27037-0,+49 351 2703770
"Schumann,Merbitz & Schdlich oHG",Breitscheidstrae 11,8209,Auerbach,sms.inkasso@t-online.de,,+49 3744 216128,+49 3744 216136
Schtt Rechtsdienstleistungen,Keplerstrae 7,39104,Magdeburg,info@schuett-recht.de,www.schuett-recht.de,+49 391 5066090,+49 391 5066099
sefor AG,Frauenbergstr. 7,35039,Marburg,info@seforag.de,www.sefor-AG.de,+49 6421 1651-40,+49 6421 1651-41
Seghorn Inkasso GmbH,Legienstrae 1,28188,Bremen,henkes@seghorn.de,www.seghorn.de,+49 421 4391-365,+49 421 4391-316
SEPA Collect GmbH,Mehlbeerenstr. 2,82024,Taufkirchen,Kundenbetreuung@sepacollect.de,www.sepacollect.de,+49 89 4141 727-65,+49 89 41 41 727-69
Service- und Inkassounternehmen Heisler,Holunderweg 1,23758,Oldenburg,,,+49 4361 6203817,
Siegfried Mller Inkasso und Factoring,Bucherstr. 102,90408,Nrnberg,information@inkasso.net,www.inkasso.net,+49 911 3651240,+49 911 3651241
Sirius Inkasso GmbH,Berliner Str. 93,40880,Ratingen,siriusinfo@gfkl.com,www.sirius-inkasso.de,+49 2102 555 000,+49 2102 555 1333
SJ Inkasso GmbH,Burg-Grfenrder-Str. 36,61184,Karben,info@skandicinkasso.de,www.skandicinkasso.de,+49 6039 92990,+49 6039 929920
solvendi GmbH,Am Schrholz 6,49078,Osnabrck,info@solvendi.de,www.solvendi.de,+49 541 50036 0,+49 541 50036 199
Solventia-Inkasso Nicole Meinhardt-Frbel,Alexanderstrae 160,70180,Stuttgart,info@solventia-inkasso.de,www.solventia-inkasso.de,+49 711 6407104,+49 711 6494015
Spiegel Gesellschaft fr Forderungsmanagement mbH,Fackelstrae 12-14,67655,Kaiserslautern,info@spiegel-inkasso.de,www.spiegel-inkasso.de,+49 631 627904-0,+49 631 627904-12
Stadtwerke Fellbach GmbH,Ringstr. 5,70736,Fellbach,aschmann-kristen@stadtwerke-fellbach.de,www.stadtwerke-fellbach.de,+49 711 57543-0,+49 711 57543-88
STARK INKASSO Manfred Stark,Pommernweg 13,21629,Neu Wulmstorf,starkinkasso@t-online.de,,+49 40 7008934,+49 40 70972466
Staufen Inkasso e. K.,Mozartstrae 10,73033,Gppingen,info@staufen-inkasso.de,www.staufen-inkasso.de,+49 7161 88137,+49 7161 821873
Steinhuser Inkasso e.K.,OBrien Str. 2,91126,Schwabach,inkasso@steinhaeuser-inkasso.de,www.steinhaeuser-inkasso.de,+49 9122 830270,+49 9122 830277
Straetus Inkasso Deutschland GmbH & Co. KG,Siegburger Str. 233,50679,Kln,info@straetus.de,www.straetus.de,+49 221 300642-0,
Sd-Inkasso Jrg Hoster e. K.,Cannstatter Strae 82/1,70734,Fellbach,info@Sued-Inkasso.de,www.Sued-Inkasso.de,+49 711 581230,+49 711 584469
Synergie Inkasso GmbH,Friedrichstr. 204,10117,Berlin,info@synergie-inkasso.de,www.synergie-inkasso.de,+49 30 233288-800,+49 30 233288-880
System Inkasso GmbH,Leonrodstr. 56,80636,Mnchen,info@systeminkasso.de,www.systeminkasso.de,+49 89 143882-0,+49 89 143882-30
TARGET INKASSO Elke Beck,Marktstr. 32,77933,Lahr,info@target-inkasso.de,www.target-inkasso.de,+49 7821 998825,+49 7821 998826
Taunus-Inkasso und Mandantenbetreuung GmbH & Co KG,Fuchstanzstr. 2d,61389,Schmitten/Taunus,info@taunus-inkasso.de,www.taunus-inkasso.de,+49 6082 95020,+49 6082 950234
TEKA-Collection GmbH,Normannenweg 32,20537,Hamburg,info@teka-collection.de,www.teka-collection.de,+49 40 636665524,+49 40 636665529
Tesch Inkasso Finance GmbH,Kimplerstrae 282,47807,Krefeld,post@inkasso-gmbh.de,www.Inkasso-GMBH.de,+49 2151 99530,+49 2151 9953560
TESCH INKASSO Forderungsmanagement GmbH,Ahlefelder Str. 51,51645,Gummersbach,Inkasso@tesch-inkasso.de,www.teschinkasso.de,+49 2261-60660,+49 2261-6066198
Tesch mediafinanz GmbH,Weisse Breite 5,49084,Osnabrck,info@mediafinanz.de,www.mediafinanz.de,+49 541 2029-0,+49 541 2029-101
TG Inkasso Emsland GmbH,Poststr. 4,48499,Salzbergen,theismann@tg-inkasso-emsland.de,www.tg-inkasso-emsland.de,+49 5976 344180,+49 5976 344181
"Thieme Inkasso,Angela Thieme",Nellinger Str. 92,73760,Ostfildern,mail@inkassothieme.de,www.inkassothieme.de,71581864866,71581864867
TOP-Inkasso GmbH,Hauptstr. 14,77736,Zell a.H.,info@TopInkasso.de,www.TopInkasso.de,+49 7835 549720,+49 7835 630830
Torgauer Inkasso Ronny Stumpe,Eilenburger Str. 26,4860,Torgau,info@torgauer-inkasso.de,www.torgauer-inkasso.de,+49 3421 709458,+49 3421 714800
TREU-WERT-INKASSO Inh Detlef Bhr,Herrenbergstrae 5,74889,Sinsheim-Reihen,Inkasso@twi.de,www.twi.de,+49 7261 655740,+49 7261 655750
troy gmbh,Erwitter Strae 105,59557,Lippstadt,info@troy-bleiben.de,www.troy-bleiben.de,+49 2941 270-240,+49 2941 7280-369
twenty4collect GmbH,In den Weiden 9,56729,Weiler,service@24collect.de,www.24collect.de,+49 2656 951-314,+49 2656 951-389
Unimed GmbH,Auf der Heide 17,66687,Noswendel,klinikservice@unimed.de,www.unimed.de,+49 6871 9000-0,+49 6871 900090
UNIVERSAL INKASSO AG,Hansaring 69-73,50670,Kln,info@universal-inkasso.de,www.universal-inkasso.de,+49 221 1207198-0,+49 221 1207198-849
Universum Inkasso GmbH,Hanauer Landstrae 164,60314,Frankfurt am Main,info@universum-group.de,www.universum-group.de,+49 69 42091-05,+49 69 42091297
Ursula Thale,Fehnstrae 12,49716,Meppen,ursula.thale@ewetel.net,,,
Uwe Wagenblast,Scheffoldstrae 43,73529,Schwbisch Gmnd,Uwe.Wagenblast@t-online.de,,+49 7171 989396,+49 7171 989398
V.O.P. GmbH & Co. KG,Hauptstr. 60 - 62,56745,Bell,info@voponline.de,www.voponline.de,+49 2652 529-0,+49 2652 529-129
"Verstegen Inkasso, Inh. Irmgard Verstegen",Hirschbruch 21,47533,Kleve,info@verstegen-inkasso.de,www.verstegen-inkasso.de,+49 2821 977976-3,+49 2821 997118-3
VMI Versandhandels & Medizininkasso GmbH,Lise-Meitner-Str. 4,86156,Augsburg,legal@medizininkasso.com,,+49 821 440183-0,+49 8251 871262
VR Inkasso GmbH,Brsseler Str. 7,30539,Hannover,mail@vr-inkasso.de,www.vr-inkasso.de,+49 511 76 33 32 0,+49 511 76 33 32 90
VVC Verband der Vereine Creditreform e. V.,Hellersbergstr. 12,41460,Neuss,creditreform@verband.creditreform.de,www.creditreform.de,+49 2131 109-0,+49 2131 109217
VYNTO GmbH & Co. KG,Schorner Str. 1A,82065,Baierbrunn,info@vynto.de,www.vynto.de,+49 89 588 000 111,+49 89 588 000 199
Wagener-Neef Inkassounternehmen,Stapenhorststrae 2,35066,Frankenberg,info@inkasso-frankenberg.de,,+49 6451 7199-90,+49 6451 719999
Weingrtner Inkasso und Forderungsmanagement GmbH,Haarder Weg 1,97688,Bad Kissingen,wi@weingaertner-inkasso.de,www.weingaertner-inkasso.de,+49 971 69915-90,+49 971 69915-91
Zentrale Abrechnungsstelle fr den Rettungsdienst Bayern GmbH,Elsenheimerstrae 41,80687,Mnchen,,,+49 89 2444334-44,+49 89 2444334-99
Zink-Inkasso Manuela Zink,Kirchenstr. 5,21244,Buchholz i.d.N.,info@zink-inkasso.de,www.zink-inkasso.de,+49 4181 282622,+49 4181 212619
Zurich Service GmbH,Platz der Einheit 2,60327,Frankfurt,inkasso@zurich.com,www.za-kredit.de,+49 69 71152726,+49 69 71153455
